{
    "components": [
        {
            "cachedName": "LWJGL 2",
            "cachedVersion": "2.9.1",
            "cachedVolatile": true,
            "dependencyOnly": true,
            "uid": "org.lwjgl",
            "version": "2.9.1"
        },
        {
            "cachedName": "Minecraft",
            "cachedRequires": [
                {
                    "suggests": "2.9.1",
                    "uid": "org.lwjgl"
                }
            ],
            "cachedVersion": "1.7.10",
            "important": true,
            "uid": "net.minecraft",
            "version": "1.7.10"
        },
        {
            "cachedName": "Forge",
            "cachedRequires": [
                {
                    "equals": "1.7.10",
                    "uid": "net.minecraft"
                }
            ],
            "cachedVersion": "10.13.4.1614-1.7.10",
            "uid": "net.minecraftforge"
        }
    ],
    "formatVersion": 1
}
